Route Name,Route Link,Bus Name,Bus Type,Departing Time,Duration,Reaching Time,Star Rating,Price,Seat Availability
Digha to Kolkata,https://www.redbus.in/bus-tickets/digha-to-kolkata,WBTC (CTC) Tollygunge - Digha - 200|16:30,Non AC Seater (2+3),16:30,04h 15m,20:45,3.9,145,38 Seats available
Digha to Kolkata,https://www.redbus.in/bus-tickets/digha-to-kolkata,Snemita Paribahan(Shinjini),A/C Seater (2+3),22:45,05h 25m,04:10,4.1,288,22 Seats available
Digha to Kolkata,https://www.redbus.in/bus-tickets/digha-to-kolkata,Snemita Parisheba(SNEHA GOLD),AC Seater (2+3),16:40,04h 30m,21:10,3.2,257,37 Seats available
Digha to Kolkata,https://www.redbus.in/bus-tickets/digha-to-kolkata,City Express (Shinjini),AC Seater (2+3),22:45,05h 25m,04:10,3.3,288,26 Seats available
Digha to Kolkata,https://www.redbus.in/bus-tickets/digha-to-kolkata,Sneha Gold Bus Service,A/C Seater (2+3),16:30,05h 00m,21:30,3.2,300,14 Seats available
Digha to Kolkata,https://www.redbus.in/bus-tickets/digha-to-kolkata,Satya Paribahan,A/C Seater (2+3),23:00,04h 45m,03:45,2.7,320,38 Seats available
Digha to Kolkata,https://www.redbus.in/bus-tickets/digha-to-kolkata,Bengal Surface Transport,A/C Seater Push Back (2+3),17:30,05h 00m,22:30,3.5,335,36 Seats available
Digha to Kolkata,https://www.redbus.in/bus-tickets/digha-to-kolkata,The Joy Ride,A/C Seater / Sleeper (2+2),21:15,05h 15m,02:30,3.9,650,47 Seats available
Digha to Kolkata,https://www.redbus.in/bus-tickets/digha-to-kolkata,Parameswar Travels,A/C Seater Push Back (2+3),20:00,05h 35m,01:35,3.4,285,20 Seats available
Digha to Kolkata,https://www.redbus.in/bus-tickets/digha-to-kolkata,Snemita Paribahan (Shinjini),AC Seater (2+3),23:35,04h 40m,04:15,2.5,378,28 Seats available
Digha to Kolkata,https://www.redbus.in/bus-tickets/digha-to-kolkata,Snemita Parisheba(Santosh),A/C Seater Push Back (2+3),23:00,05h 20m,04:20,2.2,352,25 Seats available
Digha to Kolkata,https://www.redbus.in/bus-tickets/digha-to-kolkata,Parameswar Travels,A/C Seater Push Back (2+3),18:10,05h 05m,23:15,2.1,238,31 Seats available
Digha to Kolkata,https://www.redbus.in/bus-tickets/digha-to-kolkata,Parameswar Travels,A/C Seater Push Back (2+3),21:00,06h 00m,03:00,1.6,238,15 Seats available
Digha to Kolkata,https://www.redbus.in/bus-tickets/digha-to-kolkata,Aradhana Travels,A/C Seater / Sleeper (2+1),19:30,04h 29m,23:59,1.6,450,29 Seats available
Digha to Kolkata,https://www.redbus.in/bus-tickets/digha-to-kolkata,Satya Paribahan,A/C Seater (2+3),23:30,04h 10m,03:40,1.8,300,26 Seats available
Digha to Kolkata,https://www.redbus.in/bus-tickets/digha-to-kolkata,Snemita Paribahan,A/C Seater (2+3),23:30,04h 30m,04:00,2.1,333,45 Seats available
Digha to Kolkata,https://www.redbus.in/bus-tickets/digha-to-kolkata,Basu Travels,A/C Seater Push Back (2+3),17:30,05h 00m,22:30,1.9,335,30 Seats available
Digha to Kolkata,https://www.redbus.in/bus-tickets/digha-to-kolkata,Snemita Parisheba,AC Seater (2+3),18:00,04h 30m,22:30,2.4,352,41 Seats available
Digha to Kolkata,https://www.redbus.in/bus-tickets/digha-to-kolkata,Ankita Paribahan - Parameswar,A/C Seater (2+3),18:00,04h 40m,22:40,2.4,285,24 Seats available
Digha to Kolkata,https://www.redbus.in/bus-tickets/digha-to-kolkata,Arunita Paribahan,A/C Seater (2+3),23:35,04h 55m,04:30,1.7,333,21 Seats available
Digha to Kolkata,https://www.redbus.in/bus-tickets/digha-to-kolkata,Aradhana Travels,A/C Seater / Sleeper (2+2),18:35,04h 25m,23:00,1.5,450,20 Seats available
Digha to Kolkata,https://www.redbus.in/bus-tickets/digha-to-kolkata,Snemita Parisheba,AC Seater (2+3),17:00,04h 30m,21:30,1.9,257,36 Seats available
Digha to Kolkata,https://www.redbus.in/bus-tickets/digha-to-kolkata,Aradhana Bus Service,A/C Seater / Sleeper (2+2),23:00,05h 00m,04:00,1.2,550,68 Seats available
Digha to Kolkata,https://www.redbus.in/bus-tickets/digha-to-kolkata,Aniruddha Travels,NON A/C Seater Push Back (2+3) (2+3),16:25,04h 50m,21:15,1.0,270,30 Seats available
Digha to Kolkata,https://www.redbus.in/bus-tickets/digha-to-kolkata,Satya Paribahan,A/C Seater (2+3),18:20,04h 40m,23:00,2.3,300,61 Seats available
Digha to Kolkata,https://www.redbus.in/bus-tickets/digha-to-kolkata,Aradhana Travels,Non AC Seater (2+3),21:45,05h 40m,03:25,1.5,450,19 Seats available
Digha to Kolkata,https://www.redbus.in/bus-tickets/digha-to-kolkata,Ankita Paribahan,Non AC Seater (2+3),18:20,04h 40m,23:00,2.8,285,41 Seats available
Digha to Kolkata,https://www.redbus.in/bus-tickets/digha-to-kolkata,Aradhana Bus Service,Non AC Seater (2+3),16:50,05h 40m,22:30,1.1,350,44 Seats available
Kolkata to Digha,https://www.redbus.in/bus-tickets/kolkata-to-digha,SBSTC-KOLKATA - DIGHA - 23:30 (DIGHA DEPOT) - 3988,Non AC Seater (2+3),23:30,04h 30m,04:00,3.9,155,49 Seats available
Kolkata to Digha,https://www.redbus.in/bus-tickets/kolkata-to-digha,SBSTC-GARIA - DIGHA - 22:30 (DIGHA DEPOT) - 3745,Non AC Seater (2+3),23:45,04h 30m,04:15,4.2,155,10 Seats available
Kolkata to Digha,https://www.redbus.in/bus-tickets/kolkata-to-digha,Shyamoli Paribahan Pvt Ltd,VE A/C Seater (2+2),23:30,05h 00m,04:30,4.5,350,21 Seats available
Kolkata to Digha,https://www.redbus.in/bus-tickets/kolkata-to-digha,Express Line,Volvo 9600 A/C Seater (2+2),23:45,05h 00m,04:45,4.3,349,9 Seats available
Kolkata to Digha,https://www.redbus.in/bus-tickets/kolkata-to-digha,Maa Chandi Travels,A/C Seater / Sleeper (2+2),22:00,07h 30m,05:30,4.2,400,31 Seats available
Kolkata to Digha,https://www.redbus.in/bus-tickets/kolkata-to-digha,AdSagufta Travels (Santosh),A/C Seater / Sleeper (2+2),01:20,04h 10m,05:30,3.6,370,12 Seats available
Kolkata to Digha,https://www.redbus.in/bus-tickets/kolkata-to-digha,Mayuri Express,AC Seater (2+2),23:15,05h 15m,04:30,4.2,360,18 Seats available
Kolkata to Digha,https://www.redbus.in/bus-tickets/kolkata-to-digha,Sagufta Travels (Bhorpet Travels),AC Seater (2+2),23:55,04h 40m,04:35,4.5,338,24 Seats available
Kolkata to Digha,https://www.redbus.in/bus-tickets/kolkata-to-digha,Sagufta Travels(Maa Chandi),A/C Seater / Sleeper (2+2),23:57,05h 13m,05:10,4.3,384,25 Seats available
Kolkata to Digha,https://www.redbus.in/bus-tickets/kolkata-to-digha,Mayuri Express,A/C Seater (2+3),18:20,04h 30m,22:50,3.2,270,61 Seats available
Kolkata to Digha,https://www.redbus.in/bus-tickets/kolkata-to-digha,Parameswar Travels,A/C Seater Push Back (2+3),23:45,05h 15m,05:00,3.3,285,36 Seats available
Kolkata to Digha,https://www.redbus.in/bus-tickets/kolkata-to-digha,Sagufta Travels(Angel),A/C Seater (2+2),23:58,05h 12m,05:10,3.9,291,22 Seats available
Kolkata to Digha,https://www.redbus.in/bus-tickets/kolkata-to-digha,Basu Travels,A/C Seater / Sleeper (2+2),23:59,05h 01m,05:00,3.5,303,34 Seats available
Kolkata to Digha,https://www.redbus.in/bus-tickets/kolkata-to-digha,Parameswar Travels,A/C Seater Push Back (2+3),23:59,05h 01m,05:00,2.9,285,49 Seats available
Kolkata to Digha,https://www.redbus.in/bus-tickets/kolkata-to-digha,Basu Travels,A/C Seater Push Back (2+3),23:30,05h 00m,04:30,3.5,269,20 Seats available
Kolkata to Digha,https://www.redbus.in/bus-tickets/kolkata-to-digha,Parameswar Travels,A/C Seater Push Back (2+3),21:50,05h 55m,03:45,2.1,285,51 Seats available
Kolkata to Digha,https://www.redbus.in/bus-tickets/kolkata-to-digha,Sagufta Travels (Atithi),A/C Seater Push Back (2+3),23:59,05h 01m,05:00,3.4,291,41 Seats available
Kolkata to Digha,https://www.redbus.in/bus-tickets/kolkata-to-digha,Sagufta Travels (Mayuri),A/C Seater (2+2),23:15,04h 45m,04:00,3.8,338,20 Seats available
Kolkata to Digha,https://www.redbus.in/bus-tickets/kolkata-to-digha,Snemita Paribahan (BHORPET),A/C Seater (2+3),17:40,04h 20m,22:00,1.7,270,25 Seats available
Kolkata to Digha,https://www.redbus.in/bus-tickets/kolkata-to-digha,Snemita Parisheba(Samanta),AC Seater (2+3),18:00,04h 25m,22:25,3.6,352,25 Seats available
Kolkata to Digha,https://www.redbus.in/bus-tickets/kolkata-to-digha,Sagufta Travels(Janhabi),A/C Seater Push Back (2+3),16:45,04h 30m,21:15,3.8,291,24 Seats available
Kolkata to Digha,https://www.redbus.in/bus-tickets/kolkata-to-digha,Snemita Paribahan (Bhorpet),AC Seater (2+2),23:55,04h 50m,04:45,3.5,320,29 Seats available
Kolkata to Digha,https://www.redbus.in/bus-tickets/kolkata-to-digha,City Express (Shinjini),AC Seater (2+3),23:50,05h 05m,04:55,2.9,333,35 Seats available
Kolkata to Digha,https://www.redbus.in/bus-tickets/kolkata-to-digha,Snemita Paribahan (ANGEL),A/C Seater Push Back (2+2),23:58,05h 02m,05:00,3.5,370,25 Seats available
Kolkata to Digha,https://www.redbus.in/bus-tickets/kolkata-to-digha,Sagufta Travels (Maity),A/C Seater (2+3),00:55,04h 55m,05:50,3.5,291,22 Seats available
Kolkata to Digha,https://www.redbus.in/bus-tickets/kolkata-to-digha,Ankita Paribahan(Janhabi),A/C Seater Push Back (2+3),16:45,04h 35m,21:20,3.0,399,31 Seats available
Kolkata to Digha,https://www.redbus.in/bus-tickets/kolkata-to-digha,Snemita Paribahan (Shinjini),AC Seater (2+2),23:45,04h 50m,04:35,3.5,320,14 Seats available
Kolkata to Digha,https://www.redbus.in/bus-tickets/kolkata-to-digha,Sagufta Travels (Sagar Kanya),A/C Seater Push Back (2+3),23:30,04h 35m,04:05,2.5,291,20 Seats available
Kolkata to Digha,https://www.redbus.in/bus-tickets/kolkata-to-digha,City Express (Shinjini),AC Seater (2+2),23:45,04h 50m,04:35,3.9,320,12 Seats available
Kolkata to Digha,https://www.redbus.in/bus-tickets/kolkata-to-digha,Samanta Travels,A/C Seater (2+3),18:50,04h 40m,23:30,2.2,300,61 Seats available
Kolkata to Digha,https://www.redbus.in/bus-tickets/kolkata-to-digha,Snemita Pariseba(Santosh),AC Seater (2+3),18:30,05h 00m,23:30,3.0,352,20 Seats available
Kolkata to Digha,https://www.redbus.in/bus-tickets/kolkata-to-digha,Sagufta Travels (Samanta),A/C Seater (2+3),18:00,04h 50m,22:50,2.6,291,20 Seats available
Kolkata to Digha,https://www.redbus.in/bus-tickets/kolkata-to-digha,Bengal Surface Transport,A/C Seater / Sleeper (2+2),23:55,05h 05m,05:00,3.0,319,36 Seats available
Kolkata to Digha,https://www.redbus.in/bus-tickets/kolkata-to-digha,Haimanti Bus Service,AC Seater (2+3),19:50,05h 40m,01:30,1.8,350,20 Seats available
Kolkata to Digha,https://www.redbus.in/bus-tickets/kolkata-to-digha,Bengal Surface Transport,A/C Seater Push Back (2+3),23:20,05h 10m,04:30,2.8,335,21 Seats available
Kolkata to Digha,https://www.redbus.in/bus-tickets/kolkata-to-digha,Sagufta Travels (Kojagor),A/C Seater Push Back (2+3),17:00,04h 50m,21:50,3.6,291,26 Seats available
Kolkata to Digha,https://www.redbus.in/bus-tickets/kolkata-to-digha,Ankita Paribahan (Maity Motor),A/C Seater Push Back (2+3),22:20,04h 40m,03:00,3.2,380,25 Seats available
Kolkata to Digha,https://www.redbus.in/bus-tickets/kolkata-to-digha,Snemita Paribahan(Shinjini),A/C Seater (2+3),23:50,04h 40m,04:30,2.6,320,20 Seats available
Kolkata to Digha,https://www.redbus.in/bus-tickets/kolkata-to-digha,Ankita Paribahan(Atithi),A/C Seater (2+3),23:55,05h 05m,05:00,4.5,399,20 Seats available
Kolkata to Digha,https://www.redbus.in/bus-tickets/kolkata-to-digha,Ankita Paribahan( Haimanti),A/C Seater Push Back (2+3),19:50,04h 15m,00:05,3.0,428,41 Seats available
Kolkata to Digha,https://www.redbus.in/bus-tickets/kolkata-to-digha,Arunita Paribahan,AC Seater (2+2),23:45,05h 00m,04:45,4.1,320,21 Seats available
Kolkata to Digha,https://www.redbus.in/bus-tickets/kolkata-to-digha,SANTOSH BUS SERVICE,A/C Seater / Sleeper (2+2),01:20,04h 10m,05:30,2.0,349,41 Seats available
Kolkata to Digha,https://www.redbus.in/bus-tickets/kolkata-to-digha,SANTOSH BUS SERVICE,AC Seater (2+3),23:50,05h 10m,05:00,2.7,350,38 Seats available
Kolkata to Digha,https://www.redbus.in/bus-tickets/kolkata-to-digha,Samanta Travels,A/C Seater (2+3),18:10,05h 00m,23:10,2.3,300,16 Seats available
Kolkata to Digha,https://www.redbus.in/bus-tickets/kolkata-to-digha,Snemita Parisheba,AC Seater (2+3),19:30,04h 40m,00:10,2.3,352,20 Seats available
Kolkata to Digha,https://www.redbus.in/bus-tickets/kolkata-to-digha,Bengal Surface Transport,A/C Seater Push Back (2+3),23:59,05h 01m,05:00,2.0,399,20 Seats available
Kolkata to Digha,https://www.redbus.in/bus-tickets/kolkata-to-digha,Friends Travels,A/C Seater (2+3),23:55,05h 15m,05:10,2.8,324,26 Seats available
Kolkata to Digha,https://www.redbus.in/bus-tickets/kolkata-to-digha,Kojagar Travels,A/C Seater (2+3),16:50,05h 10m,22:00,3.7,350,30 Seats available
Kolkata to Digha,https://www.redbus.in/bus-tickets/kolkata-to-digha,Basu Travels,A/C Seater Push Back (2+3),23:55,05h 05m,05:00,2.3,375,21 Seats available
Kolkata to Digha,https://www.redbus.in/bus-tickets/kolkata-to-digha,Subhadip Travels(Kojagar),Non AC Seater (2+3),16:50,04h 40m,21:30,4.2,399,31 Seats available
Kolkata to Digha,https://www.redbus.in/bus-tickets/kolkata-to-digha,Subhadip Travels,A/C Executive (2+3),17:20,04h 15m,21:35,4.2,399,46 Seats available
Kolkata to Digha,https://www.redbus.in/bus-tickets/kolkata-to-digha,Ankita Paribahan(Atithi),A/C Seater Push Back (2+3),22:40,06h 40m,05:20,3.2,399,20 Seats available
Kolkata to Digha,https://www.redbus.in/bus-tickets/kolkata-to-digha,Ankita Paribahan(Parameswar),A/C Seater (2+3),21:50,04h 50m,02:40,3.2,428,15 Seats available
Kolkata to Digha,https://www.redbus.in/bus-tickets/kolkata-to-digha,Anadi Travels (Disha Gold),A/C Seater Push Back (2+3),23:00,05h 40m,04:40,1.0,500,60 Seats available
Kolkata to Digha,https://www.redbus.in/bus-tickets/kolkata-to-digha,Snemita Parisheba,AC Seater (2+3),19:05,04h 40m,23:45,2.8,352,20 Seats available
Kolkata to Mandarmani,https://www.redbus.in/bus-tickets/kolkata-to-mandarmani,West bengal transport corporation - 123496,Non AC Seater (2+3),16:15,04h 00m,20:15,3.9,145,20 Seats available
Kolkata to Mandarmani,https://www.redbus.in/bus-tickets/kolkata-to-mandarmani,West bengal transport corporation - 157764,Non AC Seater (2+3),17:15,04h 00m,21:15,3.1,145,33 Seats available
Kolkata to Mandarmani,https://www.redbus.in/bus-tickets/kolkata-to-mandarmani,Shyamoli Paribahan Pvt Ltd,VE A/C Seater (2+2),23:30,04h 15m,03:45,4.7,350,21 Seats available
Kolkata to Mandarmani,https://www.redbus.in/bus-tickets/kolkata-to-mandarmani,Express Line,Volvo 9600 A/C Seater (2+2),23:45,04h 20m,04:05,4.4,349,11 Seats available
Kolkata to Mandarmani,https://www.redbus.in/bus-tickets/kolkata-to-mandarmani,Maa Chandi Travels,A/C Seater / Sleeper (2+2),22:00,07h 10m,05:10,3.7,400,31 Seats available
Kolkata to Mandarmani,https://www.redbus.in/bus-tickets/kolkata-to-mandarmani,Basu Travels,A/C Seater / Sleeper (2+2),23:59,04h 01m,04:00,4.2,303,34 Seats available
Kolkata to Mandarmani,https://www.redbus.in/bus-tickets/kolkata-to-mandarmani,Mayuri Express,AC Seater (2+2),23:15,03h 45m,03:00,3.9,360,18 Seats available
Kolkata to Mandarmani,https://www.redbus.in/bus-tickets/kolkata-to-mandarmani,Parameswar Travels,A/C Seater Push Back (2+3),23:59,04h 31m,04:30,3.0,285,49 Seats available
Kolkata to Mandarmani,https://www.redbus.in/bus-tickets/kolkata-to-mandarmani,Sagufta Travels (Atithi),A/C Seater Push Back (2+3),23:59,04h 31m,04:30,3.0,291,41 Seats available
Kolkata to Mandarmani,https://www.redbus.in/bus-tickets/kolkata-to-mandarmani,Mayuri Express,A/C Seater (2+3),18:20,04h 10m,22:30,3.6,270,61 Seats available
Kolkata to Mandarmani,https://www.redbus.in/bus-tickets/kolkata-to-mandarmani,Sagufta Travels (Sagar Kanya),A/C Seater Push Back (2+3),23:30,04h 30m,04:00,2.8,291,20 Seats available
Kolkata to Mandarmani,https://www.redbus.in/bus-tickets/kolkata-to-mandarmani,City Express (Shinjini),AC Seater (2+2),23:45,04h 15m,04:00,3.7,320,12 Seats available
Kolkata to Mandarmani,https://www.redbus.in/bus-tickets/kolkata-to-mandarmani,Snemita Paribahan(Shinjini),A/C Seater (2+3),23:50,04h 10m,04:00,3.0,320,20 Seats available
Kolkata to Mandarmani,https://www.redbus.in/bus-tickets/kolkata-to-mandarmani,Snemita Pariseba(Santosh),AC Seater (2+3),18:30,03h 30m,22:00,2.2,352,20 Seats available
Kolkata to Mandarmani,https://www.redbus.in/bus-tickets/kolkata-to-mandarmani,Samanta Travels,A/C Seater (2+3),18:50,03h 40m,22:30,3.8,300,61 Seats available
Kolkata to Mandarmani,https://www.redbus.in/bus-tickets/kolkata-to-mandarmani,City Express (BHORPET),AC Seater (2+3),17:40,04h 05m,21:45,3.7,270,31 Seats available
Kolkata to Mandarmani,https://www.redbus.in/bus-tickets/kolkata-to-mandarmani,Snemita Paribahan (BHORPET),A/C Seater (2+3),17:40,03h 35m,21:15,2.8,270,25 Seats available
Kolkata to Mandarmani,https://www.redbus.in/bus-tickets/kolkata-to-mandarmani,City Express (Shinjini),AC Seater (2+3),23:50,04h 20m,04:10,3.7,333,35 Seats available
Kolkata to Mandarmani,https://www.redbus.in/bus-tickets/kolkata-to-mandarmani,Parameswar Travels,A/C Seater Push Back (2+3),21:50,05h 10m,03:00,3.0,285,51 Seats available
Kolkata to Mandarmani,https://www.redbus.in/bus-tickets/kolkata-to-mandarmani,Parameswar Travels,A/C Seater Push Back (2+3),23:45,04h 45m,04:30,3.0,285,42 Seats available
Kolkata to Mandarmani,https://www.redbus.in/bus-tickets/kolkata-to-mandarmani,Snemita Paribahan (Bhorpet),AC Seater (2+2),23:55,04h 20m,04:15,2.8,320,29 Seats available
Kolkata to Mandarmani,https://www.redbus.in/bus-tickets/kolkata-to-mandarmani,Ankita Paribahan (Maity Motor),A/C Seater Push Back (2+3),22:20,04h 00m,02:20,3.4,380,25 Seats available
Kolkata to Mandarmani,https://www.redbus.in/bus-tickets/kolkata-to-mandarmani,Ankita Paribahan(Janhabi),A/C Seater Push Back (2+3),16:45,03h 55m,20:40,3.4,399,31 Seats available
Kolkata to Mandarmani,https://www.redbus.in/bus-tickets/kolkata-to-mandarmani,Sagufta Travels (Mayuri),A/C Seater (2+2),23:15,04h 30m,03:45,3.3,338,20 Seats available
Kolkata to Mandarmani,https://www.redbus.in/bus-tickets/kolkata-to-mandarmani,Snemita Paribahan (Shinjini),AC Seater (2+2),23:45,04h 15m,04:00,2.8,320,14 Seats available
Kolkata to Mandarmani,https://www.redbus.in/bus-tickets/kolkata-to-mandarmani,Sagufta Travels (Samanta),A/C Seater (2+3),18:00,04h 00m,22:00,3.3,291,20 Seats available
Kolkata to Mandarmani,https://www.redbus.in/bus-tickets/kolkata-to-mandarmani,Sagufta Travels (Maity),A/C Seater (2+3),00:55,04h 35m,05:30,3.3,291,22 Seats available
Kolkata to Mandarmani,https://www.redbus.in/bus-tickets/kolkata-to-mandarmani,Bengal Surface Transport,A/C Seater Push Back (2+3),23:59,04h 01m,04:00,2.1,319,61 Seats available
Kolkata to Mandarmani,https://www.redbus.in/bus-tickets/kolkata-to-mandarmani,Sagufta Travels (Kojagor),A/C Seater Push Back (2+3),17:00,04h 30m,21:30,3.3,291,26 Seats available
Kolkata to Mandarmani,https://www.redbus.in/bus-tickets/kolkata-to-mandarmani,Sagufta Travels (Bhorpet Travels),AC Seater (2+2),23:55,04h 20m,04:15,3.3,338,24 Seats available
Kolkata to Mandarmani,https://www.redbus.in/bus-tickets/kolkata-to-mandarmani,Sagufta Travels(Angel),A/C Seater (2+2),23:58,04h 42m,04:40,3.3,291,22 Seats available
Kolkata to Mandarmani,https://www.redbus.in/bus-tickets/kolkata-to-mandarmani,Sagufta Travels(Maa Chandi),A/C Seater / Sleeper (2+2),23:57,04h 30m,04:27,4.5,384,35 Seats available
Kolkata to Mandarmani,https://www.redbus.in/bus-tickets/kolkata-to-mandarmani,Haimanti Bus Service,AC Seater (2+3),19:50,05h 10m,01:00,3.0,350,20 Seats available
Kolkata to Mandarmani,https://www.redbus.in/bus-tickets/kolkata-to-mandarmani,Samanta Travels,A/C Seater (2+3),18:10,04h 50m,23:00,3.4,300,16 Seats available
Kolkata to Mandarmani,https://www.redbus.in/bus-tickets/kolkata-to-mandarmani,Basu Travels,A/C Seater Push Back (2+3),23:30,03h 35m,03:05,2.9,269,20 Seats available
Kolkata to Mandarmani,https://www.redbus.in/bus-tickets/kolkata-to-mandarmani,Snemita Paribahan (ANGEL),A/C Seater Push Back (2+2),23:58,04h 02m,04:00,2.8,370,25 Seats available
Kolkata to Mandarmani,https://www.redbus.in/bus-tickets/kolkata-to-mandarmani,Arunita Paribahan,AC Seater (2+2),23:45,04h 15m,04:00,2.7,333,21 Seats available
Kolkata to Mandarmani,https://www.redbus.in/bus-tickets/kolkata-to-mandarmani,Snemita Parisheba(Samanta),AC Seater (2+3),18:00,04h 15m,22:15,2.6,352,25 Seats available
Kolkata to Mandarmani,https://www.redbus.in/bus-tickets/kolkata-to-mandarmani,Subhadip Travels,A/C Executive (2+3),17:20,03h 30m,20:50,4.2,399,46 Seats available
Kolkata to Mandarmani,https://www.redbus.in/bus-tickets/kolkata-to-mandarmani,Subhadip Travels(Kojagar),Non AC Seater (2+3),16:50,04h 20m,21:10,4.2,399,31 Seats available
Kolkata to Mandarmani,https://www.redbus.in/bus-tickets/kolkata-to-mandarmani,Bengal Surface Transport,A/C Seater Push Back (2+3),23:20,03h 55m,03:15,2.1,419,21 Seats available
Kolkata to Mandarmani,https://www.redbus.in/bus-tickets/kolkata-to-mandarmani,Basu Travels,A/C Seater Push Back (2+3),23:55,03h 35m,03:30,2.9,375,21 Seats available
Kolkata to Mandarmani,https://www.redbus.in/bus-tickets/kolkata-to-mandarmani,Ankita Paribahan(Atithi),A/C Seater Push Back (2+3),22:40,05h 50m,04:30,3.4,399,20 Seats available
Kolkata to Mandarmani,https://www.redbus.in/bus-tickets/kolkata-to-mandarmani,Ankita Paribahan(Atithi),A/C Seater (2+3),23:55,04h 35m,04:30,3.4,399,20 Seats available
Kolkata to Mandarmani,https://www.redbus.in/bus-tickets/kolkata-to-mandarmani,Ankita Paribahan( Haimanti),A/C Seater Push Back (2+3),19:50,03h 50m,23:40,3.4,428,41 Seats available
Kolkata to Mandarmani,https://www.redbus.in/bus-tickets/kolkata-to-mandarmani,Bengal Surface Transport,A/C Seater / Sleeper (2+2),23:55,04h 05m,04:00,2.1,319,35 Seats available
Kolkata to Mandarmani,https://www.redbus.in/bus-tickets/kolkata-to-mandarmani,Ankita Paribahan(Parameswar),A/C Seater (2+3),21:50,04h 10m,02:00,3.4,428,15 Seats available
Kolkata to Mandarmani,https://www.redbus.in/bus-tickets/kolkata-to-mandarmani,Sagufta Travels (Santosh),A/C Seater / Sleeper (2+2),01:20,03h 35m,04:55,3.3,370,12 Seats available
Kolkata to Mandarmani,https://www.redbus.in/bus-tickets/kolkata-to-mandarmani,Anadi Travels (Disha Gold),A/C Seater Push Back (2+3),23:00,05h 30m,04:30,1.0,500,60 Seats available
Kolkata to Mandarmani,https://www.redbus.in/bus-tickets/kolkata-to-mandarmani,Friends Travels,A/C Seater (2+3),23:55,04h 45m,04:40,2.8,324,26 Seats available
Kolkata to Mandarmani,https://www.redbus.in/bus-tickets/kolkata-to-mandarmani,Snemita Parisheba,AC Seater (2+3),19:05,04h 10m,23:15,2.6,352,20 Seats available
Kolkata to Mandarmani,https://www.redbus.in/bus-tickets/kolkata-to-mandarmani,Snemita Pariseba(Santosh),AC Seater (2+3),19:05,03h 55m,23:00,2.6,352,15 Seats available
Kolkata to Mandarmani,https://www.redbus.in/bus-tickets/kolkata-to-mandarmani,Snemita Parisheba,AC Seater (2+3),19:30,04h 10m,23:40,2.6,352,20 Seats available
Mandarmani to Kolkata,https://www.redbus.in/bus-tickets/mandarmani-to-kolkata,Bengal Surface Transport,A/C Seater Push Back (2+3),18:05,04h 25m,22:30,3.6,335,36 Seats available
Mandarmani to Kolkata,https://www.redbus.in/bus-tickets/mandarmani-to-kolkata,Sneha Gold Bus Service,A/C Seater (2+3),17:10,04h 20m,21:30,3.1,300,14 Seats available
Mandarmani to Kolkata,https://www.redbus.in/bus-tickets/mandarmani-to-kolkata,Basu Travels,A/C Seater Push Back (2+3),18:05,04h 25m,22:30,2.7,335,30 Seats available
Mandarmani to Kolkata,https://www.redbus.in/bus-tickets/mandarmani-to-kolkata,Parameswar Travels,A/C Seater Push Back (2+3),18:30,04h 45m,23:15,1.4,238,31 Seats available
Mandarmani to Kolkata,https://www.redbus.in/bus-tickets/mandarmani-to-kolkata,Snemita Parisheba(SNEHA GOLD),AC Seater (2+3),17:10,04h 00m,21:10,1.5,257,37 Seats available
Mandarmani to Kolkata,https://www.redbus.in/bus-tickets/mandarmani-to-kolkata,Aradhana Travels,Non AC Seater (2+3),22:15,05h 10m,03:25,3.3,450,19 Seats available
Mandarmani to Kolkata,https://www.redbus.in/bus-tickets/mandarmani-to-kolkata,Parameswar Travels,A/C Seater Push Back (2+3),22:05,04h 55m,03:00,1.8,238,15 Seats available
Mandarmani to Kolkata,https://www.redbus.in/bus-tickets/mandarmani-to-kolkata,City Express (Shinjini),AC Seater (2+3),23:15,04h 55m,04:10,2.9,288,26 Seats available
Mandarmani to Kolkata,https://www.redbus.in/bus-tickets/mandarmani-to-kolkata,Satya Paribahan,A/C Seater (2+3),19:00,04h 00m,23:00,3.1,300,61 Seats available
Mandarmani to Kolkata,https://www.redbus.in/bus-tickets/mandarmani-to-kolkata,Parameswar Travels,A/C Seater Push Back (2+3),20:55,04h 40m,01:35,1.8,285,20 Seats available
Mandarmani to Kolkata,https://www.redbus.in/bus-tickets/mandarmani-to-kolkata,Satya Paribahan,A/C Seater (2+3),23:40,04h 05m,03:45,3.1,320,38 Seats available
Mandarmani to Kolkata,https://www.redbus.in/bus-tickets/mandarmani-to-kolkata,Snemita Paribahan(Shinjini),A/C Seater (2+3),23:15,04h 55m,04:10,2.5,288,22 Seats available
Mandarmani to Kolkata,https://www.redbus.in/bus-tickets/mandarmani-to-kolkata,Aradhana Travels,A/C Seater / Sleeper (2+1),20:00,03h 59m,23:59,3.3,450,29 Seats available
Mandarmani to Kolkata,https://www.redbus.in/bus-tickets/mandarmani-to-kolkata,Snemita Parisheba(Santosh),A/C Seater Push Back (2+3),23:40,04h 40m,04:20,2.8,352,25 Seats available
Mandarmani to Kolkata,https://www.redbus.in/bus-tickets/mandarmani-to-kolkata,Ankita Paribahan (Maity Motor),AC Seater (2+3),16:30,03h 45m,20:15,1.6,285,41 Seats available
Mandarmani to Kolkata,https://www.redbus.in/bus-tickets/mandarmani-to-kolkata,Ankita Paribahan - Parameswar,A/C Seater (2+3),18:40,04h 00m,22:40,1.5,285,24 Seats available
Mandarmani to Kolkata,https://www.redbus.in/bus-tickets/mandarmani-to-kolkata,Aniruddha Travels,NON A/C Seater Push Back (2+3) (2+3),16:50,04h 25m,21:15,1.2,270,30 Seats available
Mandarmani to Kolkata,https://www.redbus.in/bus-tickets/mandarmani-to-kolkata,Ankita Paribahan (Lokenath),AC Seater (2+3),17:00,04h 00m,21:00,2.6,352,41 Seats available
Mandarmani to Kolkata,https://www.redbus.in/bus-tickets/mandarmani-to-kolkata,Snemita Paribahan (Shinjini),AC Seater (2+3),23:59,04h 16m,04:15,2.5,378,28 Seats available
Mandarmani to Kolkata,https://www.redbus.in/bus-tickets/mandarmani-to-kolkata,Snemita Parisheba,AC Seater (2+3),17:40,03h 50m,21:30,2.8,257,36 Seats available
Mandarmani to Kolkata,https://www.redbus.in/bus-tickets/mandarmani-to-kolkata,Snemita Parisheba(Santosh),A/C Seater Push Back (2+3),23:59,04h 31m,04:30,2.8,352,45 Seats available
Mandarmani to Kolkata,https://www.redbus.in/bus-tickets/mandarmani-to-kolkata,Snemita Parisheba,AC Seater (2+3),18:30,04h 00m,22:30,2.8,352,41 Seats available
Mandarmani to Kolkata,https://www.redbus.in/bus-tickets/mandarmani-to-kolkata,Ankita Paribahan,Non AC Seater (2+3),19:00,04h 00m,23:00,2.6,285,41 Seats available
Mandarmani to Kolkata,https://www.redbus.in/bus-tickets/mandarmani-to-kolkata,Aradhana Bus Service,A/C Seater / Sleeper (2+2),23:20,04h 40m,04:00,2.4,550,68 Seats available
Mandarmani to Kolkata,https://www.redbus.in/bus-tickets/mandarmani-to-kolkata,Aradhana Bus Service,Non AC Seater (2+3),17:20,05h 10m,22:30,2.4,350,46 Seats available
